,vote_shares,votes,eevp,eevp_source,timestamp,trumpd,bidenj,third_party,trumpd_votes,bidenj_votes,third_party_votes,trumpd_votes_diff,bidenj_votes_diff,third_party_votes_diff,abs_trumpd_votes_diff,abs_bidenj_votes_diff,abs_third_party_votes_diff,Increase in Votes per TS,Delta_Trump_Biden
0,"{'trumpd': 0, 'bidenj': 0}",0,0,edison,2020-11-04T06:43:00Z,0.0,0.0,0.0,0.0,0.0,0.0,,,,,,,0,0.0
1,"{'trumpd': 0.5640000000000001, 'bidenj': 0.428}",560771,5,edison,2020-11-04T00:02:01Z,0.5640000000000001,0.428,0.007999999999999952,316275.0,240010.0,4487.0,316275.0,240010.0,4487.0,316275.0,240010.0,4487.0,560771,76265.0
2,"{'trumpd': 0.557, 'bidenj': 0.434}",844914,7,edison,2020-11-04T00:02:42Z,0.557,0.434,0.008999999999999952,470618.0,366693.0,7605.0,154343.0,126683.0,3118.0,154343.0,126683.0,3118.0,844914,103925.0
3,"{'trumpd': 0.556, 'bidenj': 0.435}",1004171,9,edison,2020-11-04T00:03:26Z,0.556,0.435,0.008999999999999952,558320.0,436815.0,9038.0,87702.0,70122.0,1433.0,87702.0,70122.0,1433.0,1004171,121505.0
4,"{'trumpd': 0.524, 'bidenj': 0.467}",1457441,12,edison,2020-11-04T00:05:44Z,0.524,0.467,0.008999999999999952,763700.0,680625.0,13117.0,205380.0,243810.0,4079.0,205380.0,243810.0,4079.0,1457441,83075.0
5,"{'trumpd': 0.53, 'bidenj': 0.461}",1515932,13,edison,2020-11-04T00:07:05Z,0.53,0.461,0.008999999999999952,803444.0,698845.0,13644.0,39744.0,18220.0,527.0,39744.0,18220.0,527.0,1515932,104599.0
6,"{'trumpd': 0.53, 'bidenj': 0.461}",1516751,13,edison,2020-11-04T00:07:48Z,0.53,0.461,0.008999999999999952,803879.0,699223.0,13651.0,435.0,378.0,7.0,435.0,378.0,7.0,1516751,104656.0
7,"{'trumpd': 0.53, 'bidenj': 0.461}",1517513,13,edison,2020-11-04T00:08:50Z,0.53,0.461,0.008999999999999952,804282.0,699574.0,13658.0,403.0,351.0,7.0,403.0,351.0,7.0,1517513,104708.0
8,"{'trumpd': 0.532, 'bidenj': 0.46}",1575006,13,edison,2020-11-04T00:09:04Z,0.532,0.46,0.007999999999999952,837904.0,724503.0,12601.0,33622.0,24929.0,-1057.0,33622.0,24929.0,1057.0,1575006,113401.0
9,"{'trumpd': 0.532, 'bidenj': 0.459}",1576355,13,edison,2020-11-04T00:09:47Z,0.532,0.459,0.008999999999999952,838621.0,723547.0,14188.0,717.0,-956.0,1587.0,717.0,956.0,1587.0,1576355,115074.0
10,"{'trumpd': 0.531, 'bidenj': 0.46}",1613677,14,edison,2020-11-04T00:10:11Z,0.531,0.46,0.008999999999999952,856863.0,742292.0,14524.0,18242.0,18745.0,336.0,18242.0,18745.0,336.0,1613677,114571.0
11,"{'trumpd': 0.532, 'bidenj': 0.459}",1619774,14,edison,2020-11-04T00:10:49Z,0.532,0.459,0.008999999999999952,861720.0,743477.0,14578.0,4857.0,1185.0,54.0,4857.0,1185.0,54.0,1619774,118243.0
12,"{'trumpd': 0.533, 'bidenj': 0.458}",1790869,15,edison,2020-11-04T00:11:09Z,0.533,0.458,0.008999999999999952,954534.0,820219.0,16118.0,92814.0,76742.0,1540.0,92814.0,76742.0,1540.0,1790869,134315.0
13,"{'trumpd': 0.533, 'bidenj': 0.458}",1792571,15,edison,2020-11-04T00:11:13Z,0.533,0.458,0.008999999999999952,955441.0,820998.0,16134.0,907.0,779.0,16.0,907.0,779.0,16.0,1792571,134443.0
14,"{'trumpd': 0.533, 'bidenj': 0.458}",1792783,15,edison,2020-11-04T00:11:36Z,0.533,0.458,0.008999999999999952,955554.0,821095.0,16136.0,113.0,97.0,2.0,113.0,97.0,2.0,1792783,134459.0
15,"{'trumpd': 0.509, 'bidenj': 0.482}",2394114,20,edison,2020-11-04T00:11:47Z,0.509,0.482,0.009000000000000008,1218605.0,1153963.0,21548.0,263051.0,332868.0,5412.0,263051.0,332868.0,5412.0,2394114,64642.0
16,"{'bidenj': 0.498, 'trumpd': 0.493}",2564464,22,edison,2020-11-04T00:12:48Z,0.493,0.498,0.009000000000000008,1264281.0,1277104.0,23081.0,45676.0,123141.0,1533.0,45676.0,123141.0,1533.0,2564464,-12823.0
17,"{'bidenj': 0.498, 'trumpd': 0.493}",2574380,22,edison,2020-11-04T00:12:52Z,0.493,0.498,0.009000000000000008,1269170.0,1282042.0,23170.0,4889.0,4938.0,89.0,4889.0,4938.0,89.0,2574380,-12872.0
18,"{'bidenj': 0.498, 'trumpd': 0.493}",2575945,22,edison,2020-11-04T00:13:10Z,0.493,0.498,0.009000000000000008,1269941.0,1282821.0,23184.0,771.0,779.0,14.0,771.0,779.0,14.0,2575945,-12880.0
19,"{'bidenj': 0.497, 'trumpd': 0.493}",2578773,22,edison,2020-11-04T00:13:49Z,0.493,0.497,0.010000000000000009,1271336.0,1281651.0,25788.0,1395.0,-1170.0,2604.0,1395.0,1170.0,2604.0,2578773,-10315.0
20,"{'bidenj': 0.497, 'trumpd': 0.493}",2579357,22,edison,2020-11-04T00:14:23Z,0.493,0.497,0.010000000000000009,1271624.0,1281941.0,25794.0,288.0,290.0,6.0,288.0,290.0,6.0,2579357,-10317.0
21,"{'bidenj': 0.497, 'trumpd': 0.494}",2586442,22,edison,2020-11-04T00:14:47Z,0.494,0.497,0.009000000000000008,1277703.0,1285462.0,23278.0,6079.0,3521.0,-2516.0,6079.0,3521.0,2516.0,2586442,-7759.0
22,"{'bidenj': 0.51, 'trumpd': 0.482}",3597254,31,edison,2020-11-04T00:15:17Z,0.482,0.51,0.008000000000000007,1733877.0,1834600.0,28779.0,456174.0,549138.0,5501.0,456174.0,549138.0,5501.0,3597254,-100723.0
23,"{'bidenj': 0.509, 'trumpd': 0.483}",3608125,31,edison,2020-11-04T00:15:47Z,0.483,0.509,0.008000000000000007,1742725.0,1836536.0,28866.0,8848.0,1936.0,87.0,8848.0,1936.0,87.0,3608125,-93811.0
24,"{'bidenj': 0.512, 'trumpd': 0.47900000000000004}",4009077,34,edison,2020-11-04T00:16:05Z,0.47900000000000004,0.512,0.008999999999999897,1920348.0,2052648.0,36082.0,177623.0,216112.0,7216.0,177623.0,216112.0,7216.0,4009077,-132300.0
25,"{'bidenj': 0.511, 'trumpd': 0.48}",4022428,34,edison,2020-11-04T00:16:49Z,0.48,0.511,0.009000000000000008,1930766.0,2055461.0,36202.0,10418.0,2813.0,120.0,10418.0,2813.0,120.0,4022428,-124695.0
26,"{'bidenj': 0.503, 'trumpd': 0.488}",4216993,36,edison,2020-11-04T00:17:59Z,0.488,0.503,0.009000000000000008,2057893.0,2121148.0,37953.0,127127.0,65687.0,1751.0,127127.0,65687.0,1751.0,4216993,-63255.0
27,"{'bidenj': 0.501, 'trumpd': 0.49}",4251251,36,edison,2020-11-04T00:18:58Z,0.49,0.501,0.009000000000000008,2083113.0,2129877.0,38262.0,25220.0,8729.0,309.0,25220.0,8729.0,309.0,4251251,-46764.0
28,"{'bidenj': 0.504, 'trumpd': 0.487}",4394611,38,edison,2020-11-04T00:19:34Z,0.487,0.504,0.009000000000000008,2140176.0,2214884.0,39552.0,57063.0,85007.0,1290.0,57063.0,85007.0,1290.0,4394611,-74708.0
29,"{'bidenj': 0.503, 'trumpd': 0.489}",4421947,38,edison,2020-11-04T00:19:52Z,0.489,0.503,0.008000000000000007,2162333.0,2224240.0,35376.0,22157.0,9356.0,-4176.0,22157.0,9356.0,4176.0,4421947,-61907.0
30,"{'bidenj': 0.503, 'trumpd': 0.488}",4422310,38,edison,2020-11-04T00:20:14Z,0.488,0.503,0.009000000000000008,2158088.0,2224422.0,39801.0,-4245.0,182.0,4425.0,4245.0,182.0,4425.0,4422310,-66334.0
31,"{'trumpd': 0.496, 'bidenj': 0.495}",4672412,40,edison,2020-11-04T00:20:56Z,0.496,0.495,0.009000000000000008,2317517.0,2312844.0,42052.0,159429.0,88422.0,2251.0,159429.0,88422.0,2251.0,4672412,4673.0
32,"{'trumpd': 0.496, 'bidenj': 0.495}",4675995,40,edison,2020-11-04T00:21:07Z,0.496,0.495,0.009000000000000008,2319294.0,2314618.0,42084.0,1777.0,1774.0,32.0,1777.0,1774.0,32.0,4675995,4676.0
33,"{'trumpd': 0.498, 'bidenj': 0.493}",4770161,41,edison,2020-11-04T00:21:29Z,0.498,0.493,0.009000000000000008,2375541.0,2351690.0,42932.0,56247.0,37072.0,848.0,56247.0,37072.0,848.0,4770161,23851.0
34,"{'trumpd': 0.498, 'bidenj': 0.493}",4770729,41,edison,2020-11-04T00:21:42Z,0.498,0.493,0.009000000000000008,2375824.0,2351970.0,42937.0,283.0,280.0,5.0,283.0,280.0,5.0,4770729,23854.0
35,"{'trumpd': 0.499, 'bidenj': 0.493}",4774181,41,edison,2020-11-04T00:21:56Z,0.499,0.493,0.008000000000000007,2382317.0,2353672.0,38194.0,6493.0,1702.0,-4743.0,6493.0,1702.0,4743.0,4774181,28645.0
36,"{'trumpd': 0.501, 'bidenj': 0.49}",5036107,43,edison,2020-11-04T00:22:49Z,0.501,0.49,0.009000000000000008,2523090.0,2467693.0,45325.0,140773.0,114021.0,7131.0,140773.0,114021.0,7131.0,5036107,55397.0
37,"{'trumpd': 0.501, 'bidenj': 0.49}",5036380,43,edison,2020-11-04T00:23:01Z,0.501,0.49,0.009000000000000008,2523227.0,2467827.0,45328.0,137.0,134.0,3.0,137.0,134.0,3.0,5036380,55400.0
38,"{'trumpd': 0.501, 'bidenj': 0.49}",5262968,45,edison,2020-11-04T00:23:35Z,0.501,0.49,0.009000000000000008,2636747.0,2578855.0,47367.0,113520.0,111028.0,2039.0,113520.0,111028.0,2039.0,5262968,57892.0
39,"{'trumpd': 0.502, 'bidenj': 0.489}",5281884,45,edison,2020-11-04T00:23:47Z,0.502,0.489,0.009000000000000008,2651506.0,2582842.0,47537.0,14759.0,3987.0,170.0,14759.0,3987.0,170.0,5281884,68664.0
40,"{'trumpd': 0.498, 'bidenj': 0.493}",5396506,46,edison,2020-11-04T00:24:00Z,0.498,0.493,0.009000000000000008,2687460.0,2660478.0,48569.0,35954.0,77636.0,1032.0,35954.0,77636.0,1032.0,5396506,26982.0
41,"{'trumpd': 0.498, 'bidenj': 0.492}",5413273,46,edison,2020-11-04T00:24:56Z,0.498,0.492,0.010000000000000009,2695810.0,2663331.0,54133.0,8350.0,2853.0,5564.0,8350.0,2853.0,5564.0,5413273,32479.0
42,"{'trumpd': 0.499, 'bidenj': 0.492}",5415649,46,edison,2020-11-04T00:25:07Z,0.499,0.492,0.009000000000000008,2702409.0,2664500.0,48741.0,6599.0,1169.0,-5392.0,6599.0,1169.0,5392.0,5415649,37909.0
43,"{'trumpd': 0.502, 'bidenj': 0.489}",5600690,48,edison,2020-11-04T00:25:42Z,0.502,0.489,0.009000000000000008,2811547.0,2738738.0,50407.0,109138.0,74238.0,1666.0,109138.0,74238.0,1666.0,5600690,72809.0
44,"{'trumpd': 0.502, 'bidenj': 0.489}",5608333,48,edison,2020-11-04T00:26:00Z,0.502,0.489,0.009000000000000008,2815384.0,2742475.0,50475.0,3837.0,3737.0,68.0,3837.0,3737.0,68.0,5608333,72909.0
45,"{'trumpd': 0.502, 'bidenj': 0.489}",5872900,50,edison,2020-11-04T00:26:14Z,0.502,0.489,0.009000000000000008,2948196.0,2871849.0,52857.0,132812.0,129374.0,2382.0,132812.0,129374.0,2382.0,5872900,76347.0
46,"{'trumpd': 0.503, 'bidenj': 0.488}",5946317,51,edison,2020-11-04T00:26:48Z,0.503,0.488,0.009000000000000008,2990998.0,2901803.0,53517.0,42802.0,29954.0,660.0,42802.0,29954.0,660.0,5946317,89195.0
47,"{'trumpd': 0.503, 'bidenj': 0.488}",5948096,51,edison,2020-11-04T00:27:19Z,0.503,0.488,0.009000000000000008,2991893.0,2902671.0,53533.0,895.0,868.0,16.0,895.0,868.0,16.0,5948096,89222.0
48,"{'trumpd': 0.505, 'bidenj': 0.486}",6105904,52,edison,2020-11-04T00:27:29Z,0.505,0.486,0.009000000000000008,3083482.0,2967470.0,54954.0,91589.0,64799.0,1421.0,91589.0,64799.0,1421.0,6105904,116012.0
49,"{'trumpd': 0.505, 'bidenj': 0.486}",6106065,52,edison,2020-11-04T00:28:01Z,0.505,0.486,0.009000000000000008,3083563.0,2967548.0,54955.0,81.0,78.0,1.0,81.0,78.0,1.0,6106065,116015.0
50,"{'bidenj': 0.496, 'trumpd': 0.495}",6728426,58,edison,2020-11-04T00:28:26Z,0.495,0.496,0.009000000000000008,3330571.0,3337300.0,60556.0,247008.0,369752.0,5601.0,247008.0,369752.0,5601.0,6728426,-6729.0
51,"{'bidenj': 0.496, 'trumpd': 0.495}",6736124,58,edison,2020-11-04T00:28:47Z,0.495,0.496,0.009000000000000008,3334382.0,3341118.0,60626.0,3811.0,3818.0,70.0,3811.0,3818.0,70.0,6736124,-6736.0
52,"{'bidenj': 0.496, 'trumpd': 0.495}",6738338,58,edison,2020-11-04T00:29:02Z,0.495,0.496,0.009000000000000008,3335478.0,3342216.0,60646.0,1096.0,1098.0,20.0,1096.0,1098.0,20.0,6738338,-6738.0
53,"{'trumpd': 0.497, 'bidenj': 0.494}",6837681,58,edison,2020-11-04T00:29:42Z,0.497,0.494,0.009000000000000008,3398328.0,3377815.0,61540.0,62850.0,35599.0,894.0,62850.0,35599.0,894.0,6837681,20513.0
54,"{'trumpd': 0.497, 'bidenj': 0.494}",6856633,59,edison,2020-11-04T00:29:49Z,0.497,0.494,0.009000000000000008,3407747.0,3387177.0,61710.0,9419.0,9362.0,170.0,9419.0,9362.0,170.0,6856633,20570.0
55,"{'trumpd': 0.497, 'bidenj': 0.494}",6856672,59,edison,2020-11-04T00:30:05Z,0.497,0.494,0.009000000000000008,3407766.0,3387196.0,61711.0,19.0,19.0,1.0,19.0,19.0,1.0,6856672,20570.0
56,"{'trumpd': 0.498, 'bidenj': 0.493}",6870987,59,edison,2020-11-04T00:31:02Z,0.498,0.493,0.009000000000000008,3421752.0,3387397.0,61839.0,13986.0,201.0,128.0,13986.0,201.0,128.0,6870987,34355.0
57,"{'trumpd': 0.499, 'bidenj': 0.492}",6912356,59,edison,2020-11-04T00:31:07Z,0.499,0.492,0.009000000000000008,3449266.0,3400880.0,62212.0,27514.0,13483.0,373.0,27514.0,13483.0,373.0,6912356,48386.0
58,"{'trumpd': 0.5, 'bidenj': 0.491}",6924156,59,edison,2020-11-04T00:31:47Z,0.5,0.491,0.009000000000000008,3462078.0,3399761.0,62318.0,12812.0,-1119.0,106.0,12812.0,1119.0,106.0,6924156,62317.0
59,"{'trumpd': 0.5, 'bidenj': 0.491}",6941978,59,edison,2020-11-04T00:32:23Z,0.5,0.491,0.009000000000000008,3470989.0,3408512.0,62478.0,8911.0,8751.0,160.0,8911.0,8751.0,160.0,6941978,62477.0
60,"{'bidenj': 0.504, 'trumpd': 0.487}",7626450,65,edison,2020-11-04T00:32:39Z,0.487,0.504,0.009000000000000008,3714082.0,3843731.0,68639.0,243093.0,435219.0,6161.0,243093.0,435219.0,6161.0,7626450,-129649.0
61,"{'bidenj': 0.504, 'trumpd': 0.487}",7663353,65,edison,2020-11-04T00:32:54Z,0.487,0.504,0.009000000000000008,3732053.0,3862330.0,68971.0,17971.0,18599.0,332.0,17971.0,18599.0,332.0,7663353,-130277.0
62,"{'bidenj': 0.504, 'trumpd': 0.487}",7679949,66,edison,2020-11-04T00:33:51Z,0.487,0.504,0.009000000000000008,3740136.0,3870695.0,69120.0,8083.0,8365.0,149.0,8083.0,8365.0,149.0,7679949,-130559.0
63,"{'bidenj': 0.504, 'trumpd': 0.487}",7680204,66,edison,2020-11-04T00:34:30Z,0.487,0.504,0.009000000000000008,3740260.0,3870823.0,69122.0,124.0,128.0,2.0,124.0,128.0,2.0,7680204,-130563.0
64,"{'bidenj': 0.503, 'trumpd': 0.488}",7729812,66,edison,2020-11-04T00:34:45Z,0.488,0.503,0.009000000000000008,3772149.0,3888096.0,69569.0,31889.0,17273.0,447.0,31889.0,17273.0,447.0,7729812,-115947.0
65,"{'bidenj': 0.502, 'trumpd': 0.489}",7738581,66,edison,2020-11-04T00:35:46Z,0.489,0.502,0.009000000000000008,3784167.0,3884768.0,69648.0,12018.0,-3328.0,79.0,12018.0,3328.0,79.0,7738581,-100601.0
66,"{'bidenj': 0.502, 'trumpd': 0.489}",7738941,66,edison,2020-11-04T00:36:00Z,0.489,0.502,0.009000000000000008,3784343.0,3884949.0,69651.0,176.0,181.0,3.0,176.0,181.0,3.0,7738941,-100606.0
67,"{'bidenj': 0.502, 'trumpd': 0.489}",7747111,66,edison,2020-11-04T00:36:10Z,0.489,0.502,0.009000000000000008,3788338.0,3889050.0,69724.0,3995.0,4101.0,73.0,3995.0,4101.0,73.0,7747111,-100712.0
68,"{'bidenj': 0.502, 'trumpd': 0.489}",7760218,66,edison,2020-11-04T00:36:48Z,0.489,0.502,0.009000000000000008,3794747.0,3895630.0,69842.0,6409.0,6580.0,118.0,6409.0,6580.0,118.0,7760218,-100883.0
69,"{'bidenj': 0.5, 'trumpd': 0.491}",7819799,67,edison,2020-11-04T00:37:27Z,0.491,0.5,0.009000000000000008,3839522.0,3909900.0,70379.0,44775.0,14270.0,537.0,44775.0,14270.0,537.0,7819799,-70378.0
70,"{'bidenj': 0.5, 'trumpd': 0.491}",7824706,67,edison,2020-11-04T00:37:34Z,0.491,0.5,0.009000000000000008,3841931.0,3912353.0,70423.0,2409.0,2453.0,44.0,2409.0,2453.0,44.0,7824706,-70422.0
71,"{'bidenj': 0.5, 'trumpd': 0.491}",7825323,67,edison,2020-11-04T00:38:05Z,0.491,0.5,0.009000000000000008,3842234.0,3912662.0,70428.0,303.0,309.0,5.0,303.0,309.0,5.0,7825323,-70428.0
72,"{'bidenj': 0.5, 'trumpd': 0.491}",7826306,67,edison,2020-11-04T00:38:40Z,0.491,0.5,0.009000000000000008,3842717.0,3913153.0,70437.0,483.0,491.0,9.0,483.0,491.0,9.0,7826306,-70436.0
73,"{'bidenj': 0.508, 'trumpd': 0.483}",8426560,72,edison,2020-11-04T00:38:50Z,0.483,0.508,0.009000000000000008,4070029.0,4280693.0,75840.0,227312.0,367540.0,5403.0,227312.0,367540.0,5403.0,8426560,-210664.0
74,"{'bidenj': 0.508, 'trumpd': 0.483}",8428979,72,edison,2020-11-04T00:39:06Z,0.483,0.508,0.009000000000000008,4071197.0,4281922.0,75861.0,1168.0,1229.0,21.0,1168.0,1229.0,21.0,8428979,-210725.0
75,"{'bidenj': 0.506, 'trumpd': 0.484}",8464097,72,edison,2020-11-04T00:39:56Z,0.484,0.506,0.010000000000000009,4096623.0,4282834.0,84641.0,25426.0,912.0,8780.0,25426.0,912.0,8780.0,8464097,-186211.0
76,"{'bidenj': 0.504, 'trumpd': 0.487}",8579601,73,edison,2020-11-04T00:40:48Z,0.487,0.504,0.009000000000000008,4178266.0,4324119.0,77217.0,81643.0,41285.0,-7424.0,81643.0,41285.0,7424.0,8579601,-145853.0
77,"{'bidenj': 0.504, 'trumpd': 0.487}",8581989,73,edison,2020-11-04T00:40:59Z,0.487,0.504,0.009000000000000008,4179429.0,4325323.0,77238.0,1163.0,1204.0,21.0,1163.0,1204.0,21.0,8581989,-145894.0
78,"{'bidenj': 0.504, 'trumpd': 0.487}",8585058,73,edison,2020-11-04T00:41:23Z,0.487,0.504,0.009000000000000008,4180924.0,4326870.0,77266.0,1495.0,1547.0,28.0,1495.0,1547.0,28.0,8585058,-145946.0
79,"{'bidenj': 0.503, 'trumpd': 0.487}",8609030,74,edison,2020-11-04T00:42:51Z,0.487,0.503,0.010000000000000009,4192598.0,4330343.0,86091.0,11674.0,3473.0,8825.0,11674.0,3473.0,8825.0,8609030,-137745.0
80,"{'bidenj': 0.503, 'trumpd': 0.487}",8625828,74,edison,2020-11-04T00:43:23Z,0.487,0.503,0.010000000000000009,4200779.0,4338792.0,86259.0,8181.0,8449.0,168.0,8181.0,8449.0,168.0,8625828,-138013.0
81,"{'bidenj': 0.503, 'trumpd': 0.487}",8769938,75,edison,2020-11-04T00:44:14Z,0.487,0.503,0.010000000000000009,4270960.0,4411279.0,87700.0,70181.0,72487.0,1441.0,70181.0,72487.0,1441.0,8769938,-140319.0
82,"{'bidenj': 0.503, 'trumpd': 0.488}",8788093,75,edison,2020-11-04T00:44:47Z,0.488,0.503,0.009000000000000008,4288590.0,4420411.0,79093.0,17630.0,9132.0,-8607.0,17630.0,9132.0,8607.0,8788093,-131821.0
83,"{'bidenj': 0.503, 'trumpd': 0.488}",8791380,75,edison,2020-11-04T00:44:53Z,0.488,0.503,0.009000000000000008,4290194.0,4422065.0,79123.0,1604.0,1654.0,30.0,1604.0,1654.0,30.0,8791380,-131871.0
84,"{'bidenj': 0.5, 'trumpd': 0.491}",9195216,79,edison,2020-11-04T00:45:09Z,0.491,0.5,0.009000000000000008,4514852.0,4597608.0,82757.0,224658.0,175543.0,3634.0,224658.0,175543.0,3634.0,9195216,-82756.0
85,"{'bidenj': 0.5, 'trumpd': 0.491}",9201386,79,edison,2020-11-04T00:45:30Z,0.491,0.5,0.009000000000000008,4517881.0,4600693.0,82813.0,3029.0,3085.0,56.0,3029.0,3085.0,56.0,9201386,-82812.0
86,"{'bidenj': 0.499, 'trumpd': 0.491}",9243192,79,edison,2020-11-04T00:45:46Z,0.491,0.499,0.010000000000000009,4538408.0,4612353.0,92432.0,20527.0,11660.0,9619.0,20527.0,11660.0,9619.0,9243192,-73945.0
87,"{'bidenj': 0.499, 'trumpd': 0.491}",9245017,79,edison,2020-11-04T00:46:16Z,0.491,0.499,0.010000000000000009,4539304.0,4613264.0,92451.0,896.0,911.0,19.0,896.0,911.0,19.0,9245017,-73960.0
88,"{'bidenj': 0.499, 'trumpd': 0.491}",9246265,79,edison,2020-11-04T00:46:51Z,0.491,0.499,0.010000000000000009,4539917.0,4613887.0,92463.0,613.0,623.0,12.0,613.0,623.0,12.0,9246265,-73970.0
89,"{'bidenj': 0.499, 'trumpd': 0.491}",9246169,79,edison,2020-11-04T00:47:04Z,0.491,0.499,0.010000000000000009,4539869.0,4613839.0,92462.0,-48.0,-48.0,-1.0,48.0,48.0,1.0,9246169,-73970.0
90,"{'bidenj': 0.498, 'trumpd': 0.492}",9286278,79,edison,2020-11-04T00:47:56Z,0.492,0.498,0.010000000000000009,4568849.0,4624567.0,92863.0,28980.0,10728.0,401.0,28980.0,10728.0,401.0,9286278,-55718.0
91,"{'bidenj': 0.498, 'trumpd': 0.492}",9288153,79,edison,2020-11-04T00:48:17Z,0.492,0.498,0.010000000000000009,4569772.0,4625501.0,92882.0,923.0,934.0,19.0,923.0,934.0,19.0,9288153,-55729.0
92,"{'bidenj': 0.498, 'trumpd': 0.493}",9312766,80,edison,2020-11-04T00:48:34Z,0.493,0.498,0.009000000000000008,4591194.0,4637758.0,83815.0,21422.0,12257.0,-9067.0,21422.0,12257.0,9067.0,9312766,-46564.0
93,"{'bidenj': 0.497, 'trumpd': 0.494}",9367032,80,edison,2020-11-04T00:48:49Z,0.494,0.497,0.009000000000000008,4627314.0,4655415.0,84304.0,36120.0,17657.0,489.0,36120.0,17657.0,489.0,9367032,-28101.0
94,"{'bidenj': 0.497, 'trumpd': 0.494}",9370786,80,edison,2020-11-04T00:49:07Z,0.494,0.497,0.009000000000000008,4629169.0,4657281.0,84338.0,1855.0,1866.0,34.0,1855.0,1866.0,34.0,9370786,-28112.0
95,"{'bidenj': 0.496, 'trumpd': 0.494}",9373418,80,edison,2020-11-04T00:50:07Z,0.494,0.496,0.010000000000000009,4630469.0,4649216.0,93735.0,1300.0,-8065.0,9397.0,1300.0,8065.0,9397.0,9373418,-18747.0
96,"{'bidenj': 0.496, 'trumpd': 0.495}",9406927,80,edison,2020-11-04T00:50:31Z,0.495,0.496,0.009000000000000008,4656429.0,4665836.0,84663.0,25960.0,16620.0,-9072.0,25960.0,16620.0,9072.0,9406927,-9407.0
97,"{'bidenj': 0.496, 'trumpd': 0.495}",9415068,80,edison,2020-11-04T00:50:48Z,0.495,0.496,0.009000000000000008,4660459.0,4669874.0,84736.0,4030.0,4038.0,73.0,4030.0,4038.0,73.0,9415068,-9415.0
98,"{'bidenj': 0.496, 'trumpd': 0.495}",9416971,80,edison,2020-11-04T00:51:33Z,0.495,0.496,0.009000000000000008,4661401.0,4670818.0,84753.0,942.0,944.0,17.0,942.0,944.0,17.0,9416971,-9417.0
99,"{'bidenj': 0.496, 'trumpd': 0.495}",9418162,80,edison,2020-11-04T00:52:14Z,0.495,0.496,0.009000000000000008,4661991.0,4671409.0,84764.0,590.0,591.0,11.0,590.0,591.0,11.0,9418162,-9418.0
100,"{'bidenj': 0.495, 'trumpd': 0.495}",9418884,81,edison,2020-11-04T00:52:49Z,0.495,0.495,0.010000000000000009,4662348.0,4662348.0,94189.0,357.0,-9061.0,9425.0,357.0,9061.0,9425.0,9418884,0.0
101,"{'bidenj': 0.495, 'trumpd': 0.495}",9425212,81,edison,2020-11-04T00:53:23Z,0.495,0.495,0.010000000000000009,4665480.0,4665480.0,94253.0,3132.0,3132.0,64.0,3132.0,3132.0,64.0,9425212,0.0
102,"{'bidenj': 0.495, 'trumpd': 0.495}",9434598,81,edison,2020-11-04T00:54:47Z,0.495,0.495,0.010000000000000009,4670127.0,4670127.0,94346.0,4647.0,4647.0,93.0,4647.0,4647.0,93.0,9434598,0.0
103,"{'trumpd': 0.496, 'bidenj': 0.494}",9479181,81,edison,2020-11-04T00:55:55Z,0.496,0.494,0.010000000000000009,4701674.0,4682716.0,94792.0,31547.0,12589.0,446.0,31547.0,12589.0,446.0,9479181,18958.0
104,"{'trumpd': 0.496, 'bidenj': 0.494}",9480672,81,edison,2020-11-04T00:56:47Z,0.496,0.494,0.010000000000000009,4702414.0,4683452.0,94807.0,740.0,736.0,15.0,740.0,736.0,15.0,9480672,18962.0
105,"{'bidenj': 0.496, 'trumpd': 0.495}",9486073,81,edison,2020-11-04T00:57:07Z,0.495,0.496,0.009000000000000008,4695607.0,4705093.0,85375.0,-6807.0,21641.0,-9432.0,6807.0,21641.0,9432.0,9486073,-9486.0
106,"{'bidenj': 0.496, 'trumpd': 0.495}",9488315,81,edison,2020-11-04T00:57:53Z,0.495,0.496,0.009000000000000008,4696716.0,4706205.0,85395.0,1109.0,1112.0,20.0,1109.0,1112.0,20.0,9488315,-9489.0
107,"{'bidenj': 0.495, 'trumpd': 0.495}",9502374,81,edison,2020-11-04T00:58:22Z,0.495,0.495,0.010000000000000009,4703676.0,4703676.0,95024.0,6960.0,-2529.0,9629.0,6960.0,2529.0,9629.0,9502374,0.0
108,"{'trumpd': 0.495, 'bidenj': 0.495}",9509404,81,edison,2020-11-04T00:58:47Z,0.495,0.495,0.010000000000000009,4707155.0,4707155.0,95095.0,3479.0,3479.0,71.0,3479.0,3479.0,71.0,9509404,0.0
109,"{'trumpd': 0.496, 'bidenj': 0.495}",9549069,82,edison,2020-11-04T00:59:55Z,0.496,0.495,0.009000000000000008,4736339.0,4726790.0,85942.0,29184.0,19635.0,-9153.0,29184.0,19635.0,9153.0,9549069,9549.0
110,"{'trumpd': 0.496, 'bidenj': 0.495}",9551249,82,edison,2020-11-04T01:00:30Z,0.496,0.495,0.009000000000000008,4737420.0,4727869.0,85962.0,1081.0,1079.0,20.0,1081.0,1079.0,20.0,9551249,9551.0
111,"{'trumpd': 0.496, 'bidenj': 0.495}",9552681,82,edison,2020-11-04T01:00:52Z,0.496,0.495,0.009000000000000008,4738130.0,4728578.0,85975.0,710.0,709.0,13.0,710.0,709.0,13.0,9552681,9552.0
112,"{'trumpd': 0.496, 'bidenj': 0.494}",9554680,82,edison,2020-11-04T01:01:09Z,0.496,0.494,0.010000000000000009,4739122.0,4720012.0,95547.0,992.0,-8566.0,9572.0,992.0,8566.0,9572.0,9554680,19110.0
113,"{'trumpd': 0.496, 'bidenj': 0.494}",9554684,82,edison,2020-11-04T01:02:02Z,0.496,0.494,0.010000000000000009,4739124.0,4720014.0,95547.0,2.0,2.0,0.0,2.0,2.0,0.0,9554684,19110.0
114,"{'bidenj': 0.497, 'trumpd': 0.493}",9701852,83,edison,2020-11-04T01:02:19Z,0.493,0.497,0.010000000000000009,4783014.0,4821821.0,97019.0,43890.0,101807.0,1472.0,43890.0,101807.0,1472.0,9701852,-38807.0
115,"{'bidenj': 0.497, 'trumpd': 0.493}",9703091,83,edison,2020-11-04T01:02:48Z,0.493,0.497,0.010000000000000009,4783624.0,4822437.0,97031.0,610.0,616.0,12.0,610.0,616.0,12.0,9703091,-38813.0
116,"{'bidenj': 0.496, 'trumpd': 0.494}",9727600,83,edison,2020-11-04T01:03:04Z,0.494,0.496,0.010000000000000009,4805435.0,4824890.0,97277.0,21811.0,2453.0,246.0,21811.0,2453.0,246.0,9727600,-19455.0
117,"{'trumpd': 0.496, 'bidenj': 0.494}",9936134,85,edison,2020-11-04T01:03:23Z,0.496,0.494,0.010000000000000009,4928323.0,4908451.0,99362.0,122888.0,83561.0,2085.0,122888.0,83561.0,2085.0,9936134,19872.0
118,"{'trumpd': 0.496, 'bidenj': 0.494}",9937674,85,edison,2020-11-04T01:03:46Z,0.496,0.494,0.010000000000000009,4929087.0,4909211.0,99377.0,764.0,760.0,15.0,764.0,760.0,15.0,9937674,19876.0
119,"{'trumpd': 0.496, 'bidenj': 0.494}",9943246,85,edison,2020-11-04T01:04:50Z,0.496,0.494,0.010000000000000009,4931851.0,4911964.0,99433.0,2764.0,2753.0,56.0,2764.0,2753.0,56.0,9943246,19887.0
120,"{'trumpd': 0.496, 'bidenj': 0.494}",9948411,85,edison,2020-11-04T01:05:17Z,0.496,0.494,0.010000000000000009,4934412.0,4914516.0,99485.0,2561.0,2552.0,52.0,2561.0,2552.0,52.0,9948411,19896.0
121,"{'trumpd': 0.498, 'bidenj': 0.492}",10044950,86,edison,2020-11-04T01:05:48Z,0.498,0.492,0.010000000000000009,5002386.0,4942116.0,100450.0,67974.0,27600.0,965.0,67974.0,27600.0,965.0,10044950,60270.0
122,"{'trumpd': 0.498, 'bidenj': 0.492}",10073689,86,edison,2020-11-04T01:06:39Z,0.498,0.492,0.010000000000000009,5016698.0,4956255.0,100737.0,14312.0,14139.0,287.0,14312.0,14139.0,287.0,10073689,60443.0
123,"{'trumpd': 0.498, 'bidenj': 0.492}",10074970,86,edison,2020-11-04T01:06:59Z,0.498,0.492,0.010000000000000009,5017336.0,4956886.0,100750.0,638.0,631.0,13.0,638.0,631.0,13.0,10074970,60450.0
124,"{'trumpd': 0.498, 'bidenj': 0.491}",10083128,86,edison,2020-11-04T01:07:47Z,0.498,0.491,0.01100000000000001,5021398.0,4950816.0,110915.0,4062.0,-6070.0,10165.0,4062.0,6070.0,10165.0,10083128,70582.0
125,"{'trumpd': 0.498, 'bidenj': 0.491}",10084392,86,edison,2020-11-04T01:08:02Z,0.498,0.491,0.01100000000000001,5022028.0,4951437.0,110929.0,630.0,621.0,14.0,630.0,621.0,14.0,10084392,70591.0
126,"{'trumpd': 0.498, 'bidenj': 0.491}",10084405,86,edison,2020-11-04T01:08:10Z,0.498,0.491,0.01100000000000001,5022034.0,4951443.0,110929.0,6.0,6.0,0.0,6.0,6.0,0.0,10084405,70591.0
127,"{'trumpd': 0.498, 'bidenj': 0.491}",10098346,86,edison,2020-11-04T01:08:34Z,0.498,0.491,0.01100000000000001,5028977.0,4958288.0,111082.0,6943.0,6845.0,153.0,6943.0,6845.0,153.0,10098346,70689.0
128,"{'trumpd': 0.499, 'bidenj': 0.491}",10116126,86,edison,2020-11-04T01:08:49Z,0.499,0.491,0.010000000000000009,5047947.0,4967018.0,101162.0,18970.0,8730.0,-9920.0,18970.0,8730.0,9920.0,10116126,80929.0
129,"{'trumpd': 0.499, 'bidenj': 0.491}",10130392,87,edison,2020-11-04T01:09:24Z,0.499,0.491,0.010000000000000009,5055066.0,4974023.0,101304.0,7119.0,7005.0,142.0,7119.0,7005.0,142.0,10130392,81043.0
130,"{'trumpd': 0.499, 'bidenj': 0.491}",10132631,87,edison,2020-11-04T01:09:43Z,0.499,0.491,0.010000000000000009,5056183.0,4975122.0,101327.0,1117.0,1099.0,23.0,1117.0,1099.0,23.0,10132631,81061.0
131,"{'trumpd': 0.5, 'bidenj': 0.49}",10171197,87,edison,2020-11-04T01:09:49Z,0.5,0.49,0.010000000000000009,5085599.0,4983887.0,101712.0,29416.0,8765.0,385.0,29416.0,8765.0,385.0,10171197,101712.0
132,"{'trumpd': 0.5, 'bidenj': 0.489}",10183243,87,edison,2020-11-04T01:10:15Z,0.5,0.489,0.01100000000000001,5091622.0,4979606.0,112016.0,6023.0,-4281.0,10304.0,6023.0,4281.0,10304.0,10183243,112016.0
133,"{'trumpd': 0.501, 'bidenj': 0.489}",10201275,87,edison,2020-11-04T01:10:50Z,0.501,0.489,0.010000000000000009,5110839.0,4988424.0,102013.0,19217.0,8818.0,-10003.0,19217.0,8818.0,10003.0,10201275,122415.0
134,"{'trumpd': 0.501, 'bidenj': 0.489}",10202901,87,edison,2020-11-04T01:11:47Z,0.501,0.489,0.010000000000000009,5111654.0,4989219.0,102030.0,815.0,795.0,17.0,815.0,795.0,17.0,10202901,122435.0
135,"{'trumpd': 0.501, 'bidenj': 0.488}",10231179,87,edison,2020-11-04T01:12:08Z,0.501,0.488,0.01100000000000001,5125821.0,4992816.0,112543.0,14167.0,3597.0,10513.0,14167.0,3597.0,10513.0,10231179,133005.0
136,"{'trumpd': 0.501, 'bidenj': 0.488}",10231828,87,edison,2020-11-04T01:13:10Z,0.501,0.488,0.01100000000000001,5126146.0,4993133.0,112551.0,325.0,317.0,8.0,325.0,317.0,8.0,10231828,133013.0
137,"{'trumpd': 0.501, 'bidenj': 0.489}",10264644,88,edison,2020-11-04T01:13:46Z,0.501,0.489,0.010000000000000009,5142587.0,5019411.0,102647.0,16441.0,26278.0,-9904.0,16441.0,26278.0,9904.0,10264644,123176.0
138,"{'trumpd': 0.503, 'bidenj': 0.487}",10368280,89,edison,2020-11-04T01:13:52Z,0.503,0.487,0.010000000000000009,5215245.0,5049353.0,103683.0,72658.0,29942.0,1036.0,72658.0,29942.0,1036.0,10368280,165892.0
139,"{'trumpd': 0.503, 'bidenj': 0.487}",10386690,89,edison,2020-11-04T01:16:04Z,0.503,0.487,0.010000000000000009,5224506.0,5058319.0,103867.0,9261.0,8966.0,184.0,9261.0,8966.0,184.0,10386690,166187.0
140,"{'trumpd': 0.503, 'bidenj': 0.487}",10386693,89,edison,2020-11-04T01:16:49Z,0.503,0.487,0.010000000000000009,5224507.0,5058320.0,103867.0,1.0,1.0,0.0,1.0,1.0,0.0,10386693,166187.0
141,"{'trumpd': 0.503, 'bidenj': 0.487}",10387395,89,edison,2020-11-04T01:17:02Z,0.503,0.487,0.010000000000000009,5224860.0,5058662.0,103874.0,353.0,342.0,7.0,353.0,342.0,7.0,10387395,166198.0
142,"{'trumpd': 0.503, 'bidenj': 0.487}",10391197,89,edison,2020-11-04T01:17:24Z,0.503,0.487,0.010000000000000009,5226773.0,5060513.0,103912.0,1913.0,1851.0,38.0,1913.0,1851.0,38.0,10391197,166260.0
143,"{'trumpd': 0.503, 'bidenj': 0.487}",10392610,89,edison,2020-11-04T01:19:04Z,0.503,0.487,0.010000000000000009,5227483.0,5061202.0,103927.0,710.0,689.0,15.0,710.0,689.0,15.0,10392610,166281.0
144,"{'trumpd': 0.503, 'bidenj': 0.487}",10394483,89,edison,2020-11-04T01:20:47Z,0.503,0.487,0.010000000000000009,5228425.0,5062114.0,103945.0,942.0,912.0,18.0,942.0,912.0,18.0,10394483,166311.0
145,"{'trumpd': 0.503, 'bidenj': 0.487}",10424424,89,edison,2020-11-04T01:21:58Z,0.503,0.487,0.010000000000000009,5243486.0,5076695.0,104245.0,15061.0,14581.0,300.0,15061.0,14581.0,300.0,10424424,166791.0
146,"{'trumpd': 0.503, 'bidenj': 0.487}",10425437,89,edison,2020-11-04T01:22:14Z,0.503,0.487,0.010000000000000009,5243995.0,5077188.0,104255.0,509.0,493.0,10.0,509.0,493.0,10.0,10425437,166807.0
147,"{'trumpd': 0.503, 'bidenj': 0.487}",10425637,89,edison,2020-11-04T01:22:34Z,0.503,0.487,0.010000000000000009,5244096.0,5077286.0,104257.0,101.0,98.0,2.0,101.0,98.0,2.0,10425637,166810.0
148,"{'trumpd': 0.503, 'bidenj': 0.486}",10428687,89,edison,2020-11-04T01:22:48Z,0.503,0.486,0.01100000000000001,5245630.0,5068342.0,114716.0,1534.0,-8944.0,10459.0,1534.0,8944.0,10459.0,10428687,177288.0
149,"{'trumpd': 0.503, 'bidenj': 0.486}",10431491,89,edison,2020-11-04T01:22:58Z,0.503,0.486,0.01100000000000001,5247040.0,5069705.0,114747.0,1410.0,1363.0,31.0,1410.0,1363.0,31.0,10431491,177335.0
150,"{'trumpd': 0.503, 'bidenj': 0.486}",10431677,89,edison,2020-11-04T01:23:19Z,0.503,0.486,0.01100000000000001,5247134.0,5069796.0,114749.0,94.0,91.0,2.0,94.0,91.0,2.0,10431677,177338.0
151,"{'trumpd': 0.504, 'bidenj': 0.486}",10444538,89,edison,2020-11-04T01:23:50Z,0.504,0.486,0.010000000000000009,5264048.0,5076046.0,104446.0,16914.0,6250.0,-10303.0,16914.0,6250.0,10303.0,10444538,188002.0
152,"{'trumpd': 0.504, 'bidenj': 0.486}",10444587,89,edison,2020-11-04T01:24:20Z,0.504,0.486,0.010000000000000009,5264072.0,5076070.0,104446.0,24.0,24.0,0.0,24.0,24.0,0.0,10444587,188002.0
153,"{'trumpd': 0.504, 'bidenj': 0.486}",10448844,89,edison,2020-11-04T01:24:47Z,0.504,0.486,0.010000000000000009,5266218.0,5078139.0,104489.0,2146.0,2069.0,43.0,2146.0,2069.0,43.0,10448844,188079.0
154,"{'trumpd': 0.504, 'bidenj': 0.486}",10448996,89,edison,2020-11-04T01:24:52Z,0.504,0.486,0.010000000000000009,5266294.0,5078213.0,104490.0,76.0,74.0,1.0,76.0,74.0,1.0,10448996,188081.0
155,"{'trumpd': 0.504, 'bidenj': 0.486}",10451776,89,edison,2020-11-04T01:25:48Z,0.504,0.486,0.010000000000000009,5267696.0,5079564.0,104518.0,1402.0,1351.0,28.0,1402.0,1351.0,28.0,10451776,188132.0
156,"{'trumpd': 0.504, 'bidenj': 0.486}",10451792,89,edison,2020-11-04T01:26:10Z,0.504,0.486,0.010000000000000009,5267704.0,5079571.0,104518.0,8.0,7.0,0.0,8.0,7.0,0.0,10451792,188133.0
157,"{'trumpd': 0.505, 'bidenj': 0.485}",10489841,90,edison,2020-11-04T01:26:52Z,0.505,0.485,0.010000000000000009,5297370.0,5087573.0,104899.0,29666.0,8002.0,381.0,29666.0,8002.0,381.0,10489841,209797.0
158,"{'trumpd': 0.505, 'bidenj': 0.485}",10490762,90,edison,2020-11-04T01:27:40Z,0.505,0.485,0.010000000000000009,5297835.0,5088020.0,104908.0,465.0,447.0,9.0,465.0,447.0,9.0,10490762,209815.0
159,"{'trumpd': 0.505, 'bidenj': 0.485}",10555391,90,edison,2020-11-04T01:27:48Z,0.505,0.485,0.010000000000000009,5330473.0,5119365.0,105554.0,32638.0,31345.0,646.0,32638.0,31345.0,646.0,10555391,211108.0
160,"{'trumpd': 0.505, 'bidenj': 0.485}",10556078,90,edison,2020-11-04T01:28:24Z,0.505,0.485,0.010000000000000009,5330820.0,5119698.0,105561.0,347.0,333.0,7.0,347.0,333.0,7.0,10556078,211122.0
161,"{'trumpd': 0.505, 'bidenj': 0.485}",10557468,90,edison,2020-11-04T01:29:03Z,0.505,0.485,0.010000000000000009,5331522.0,5120372.0,105575.0,702.0,674.0,14.0,702.0,674.0,14.0,10557468,211150.0
162,"{'trumpd': 0.505, 'bidenj': 0.484}",10575143,90,edison,2020-11-04T01:29:54Z,0.505,0.484,0.01100000000000001,5340448.0,5118370.0,116327.0,8926.0,-2002.0,10752.0,8926.0,2002.0,10752.0,10575143,222078.0
163,"{'trumpd': 0.505, 'bidenj': 0.484}",10583176,90,edison,2020-11-04T01:30:49Z,0.505,0.484,0.01100000000000001,5344504.0,5122258.0,116415.0,4056.0,3888.0,88.0,4056.0,3888.0,88.0,10583176,222246.0
164,"{'trumpd': 0.505, 'bidenj': 0.484}",10583193,90,edison,2020-11-04T01:31:22Z,0.505,0.484,0.01100000000000001,5344513.0,5122266.0,116416.0,9.0,8.0,1.0,9.0,8.0,1.0,10583193,222247.0
165,"{'trumpd': 0.505, 'bidenj': 0.484}",10585220,90,edison,2020-11-04T01:31:50Z,0.505,0.484,0.01100000000000001,5345537.0,5123247.0,116438.0,1024.0,981.0,22.0,1024.0,981.0,22.0,10585220,222290.0
166,"{'trumpd': 0.505, 'bidenj': 0.484}",10585220,90,edison,2020-11-04T01:31:50Z,0.505,0.484,0.01100000000000001,5345537.0,5123247.0,116438.0,0.0,0.0,0.0,0.0,0.0,0.0,10585220,222290.0
167,"{'trumpd': 0.505, 'bidenj': 0.484}",10586664,90,edison,2020-11-04T01:32:51Z,0.505,0.484,0.01100000000000001,5346266.0,5123946.0,116454.0,729.0,699.0,16.0,729.0,699.0,16.0,10586664,222320.0
168,"{'trumpd': 0.506, 'bidenj': 0.484}",10588081,90,edison,2020-11-04T01:33:18Z,0.506,0.484,0.010000000000000009,5357569.0,5124632.0,105881.0,11303.0,686.0,-10573.0,11303.0,686.0,10573.0,10588081,232937.0
169,"{'trumpd': 0.505, 'bidenj': 0.484}",10588511,91,edison,2020-11-04T01:33:31Z,0.505,0.484,0.01100000000000001,5347199.0,5124840.0,116474.0,-10370.0,208.0,10593.0,10370.0,208.0,10593.0,10588511,222359.0
170,"{'trumpd': 0.505, 'bidenj': 0.484}",10588771,91,edison,2020-11-04T01:33:43Z,0.505,0.484,0.01100000000000001,5347330.0,5124966.0,116477.0,131.0,126.0,3.0,131.0,126.0,3.0,10588771,222364.0
171,"{'trumpd': 0.506, 'bidenj': 0.484}",10589922,91,edison,2020-11-04T01:34:50Z,0.506,0.484,0.010000000000000009,5358501.0,5125523.0,105900.0,11171.0,557.0,-10577.0,11171.0,557.0,10577.0,10589922,232978.0
172,"{'trumpd': 0.506, 'bidenj': 0.484}",10594916,91,edison,2020-11-04T01:35:48Z,0.506,0.484,0.010000000000000009,5361028.0,5127940.0,105950.0,2527.0,2417.0,50.0,2527.0,2417.0,50.0,10594916,233088.0
173,"{'trumpd': 0.506, 'bidenj': 0.484}",10596505,91,edison,2020-11-04T01:37:32Z,0.506,0.484,0.010000000000000009,5361832.0,5128709.0,105966.0,804.0,769.0,16.0,804.0,769.0,16.0,10596505,233123.0
174,"{'trumpd': 0.506, 'bidenj': 0.484}",10598228,91,edison,2020-11-04T01:37:46Z,0.506,0.484,0.010000000000000009,5362704.0,5129543.0,105983.0,872.0,834.0,17.0,872.0,834.0,17.0,10598228,233161.0
175,"{'trumpd': 0.506, 'bidenj': 0.484}",10598890,91,edison,2020-11-04T01:37:49Z,0.506,0.484,0.010000000000000009,5363039.0,5129863.0,105989.0,335.0,320.0,6.0,335.0,320.0,6.0,10598890,233176.0
176,"{'trumpd': 0.506, 'bidenj': 0.484}",10599384,91,edison,2020-11-04T01:38:25Z,0.506,0.484,0.010000000000000009,5363289.0,5130102.0,105994.0,250.0,239.0,5.0,250.0,239.0,5.0,10599384,233187.0
177,"{'trumpd': 0.506, 'bidenj': 0.484}",10599553,91,edison,2020-11-04T01:39:47Z,0.506,0.484,0.010000000000000009,5363374.0,5130184.0,105996.0,85.0,82.0,2.0,85.0,82.0,2.0,10599553,233190.0
178,"{'trumpd': 0.506, 'bidenj': 0.484}",10615383,91,edison,2020-11-04T01:40:49Z,0.506,0.484,0.010000000000000009,5371384.0,5137846.0,106154.0,8010.0,7662.0,158.0,8010.0,7662.0,158.0,10615383,233538.0
179,"{'trumpd': 0.506, 'bidenj': 0.484}",10619753,91,edison,2020-11-04T01:41:51Z,0.506,0.484,0.010000000000000009,5373596.0,5139961.0,106198.0,2212.0,2115.0,44.0,2212.0,2115.0,44.0,10619753,233635.0
180,"{'trumpd': 0.506, 'bidenj': 0.484}",10629284,91,edison,2020-11-04T01:42:50Z,0.506,0.484,0.010000000000000009,5378418.0,5144574.0,106293.0,4822.0,4613.0,95.0,4822.0,4613.0,95.0,10629284,233844.0
181,"{'trumpd': 0.506, 'bidenj': 0.484}",10631766,91,edison,2020-11-04T01:44:45Z,0.506,0.484,0.010000000000000009,5379674.0,5145775.0,106318.0,1256.0,1201.0,25.0,1256.0,1201.0,25.0,10631766,233899.0
182,"{'trumpd': 0.506, 'bidenj': 0.483}",10640578,91,edison,2020-11-04T01:45:12Z,0.506,0.483,0.01100000000000001,5384133.0,5139400.0,117047.0,4459.0,-6375.0,10729.0,4459.0,6375.0,10729.0,10640578,244733.0
183,"{'trumpd': 0.507, 'bidenj': 0.483}",10650316,91,edison,2020-11-04T01:45:50Z,0.507,0.483,0.010000000000000009,5399711.0,5144103.0,106504.0,15578.0,4703.0,-10543.0,15578.0,4703.0,10543.0,10650316,255608.0
184,"{'trumpd': 0.507, 'bidenj': 0.483}",10650320,91,edison,2020-11-04T01:46:27Z,0.507,0.483,0.010000000000000009,5399713.0,5144105.0,106504.0,2.0,2.0,0.0,2.0,2.0,0.0,10650320,255608.0
185,"{'trumpd': 0.507, 'bidenj': 0.483}",10650367,91,edison,2020-11-04T01:46:44Z,0.507,0.483,0.010000000000000009,5399737.0,5144128.0,106504.0,24.0,23.0,0.0,24.0,23.0,0.0,10650367,255609.0
186,"{'trumpd': 0.507, 'bidenj': 0.483}",10693181,91,edison,2020-11-04T01:47:45Z,0.507,0.483,0.010000000000000009,5421443.0,5164807.0,106932.0,21706.0,20679.0,428.0,21706.0,20679.0,428.0,10693181,256636.0
187,"{'trumpd': 0.507, 'bidenj': 0.483}",10695097,91,edison,2020-11-04T01:48:48Z,0.507,0.483,0.010000000000000009,5422415.0,5165732.0,106951.0,972.0,925.0,19.0,972.0,925.0,19.0,10695097,256683.0
188,"{'trumpd': 0.507, 'bidenj': 0.483}",10695506,91,edison,2020-11-04T01:49:55Z,0.507,0.483,0.010000000000000009,5422622.0,5165930.0,106956.0,207.0,198.0,5.0,207.0,198.0,5.0,10695506,256692.0
189,"{'trumpd': 0.507, 'bidenj': 0.483}",10695548,91,edison,2020-11-04T01:50:11Z,0.507,0.483,0.010000000000000009,5422643.0,5165950.0,106956.0,21.0,20.0,0.0,21.0,20.0,0.0,10695548,256693.0
190,"{'trumpd': 0.507, 'bidenj': 0.483}",10695553,91,edison,2020-11-04T01:50:27Z,0.507,0.483,0.010000000000000009,5422646.0,5165953.0,106956.0,3.0,3.0,0.0,3.0,3.0,0.0,10695553,256693.0
191,"{'trumpd': 0.507, 'bidenj': 0.483}",10698039,91,edison,2020-11-04T01:50:48Z,0.507,0.483,0.010000000000000009,5423906.0,5167153.0,106981.0,1260.0,1200.0,25.0,1260.0,1200.0,25.0,10698039,256753.0
192,"{'trumpd': 0.508, 'bidenj': 0.482}",10720188,92,edison,2020-11-04T01:57:51Z,0.508,0.482,0.010000000000000009,5445856.0,5167131.0,107202.0,21950.0,-22.0,221.0,21950.0,22.0,221.0,10720188,278725.0
193,"{'trumpd': 0.508, 'bidenj': 0.482}",10720977,92,edison,2020-11-04T01:58:23Z,0.508,0.482,0.010000000000000009,5446257.0,5167511.0,107210.0,401.0,380.0,8.0,401.0,380.0,8.0,10720977,278746.0
194,"{'trumpd': 0.51, 'bidenj': 0.481}",10787415,92,edison,2020-11-04T02:02:24Z,0.51,0.481,0.009000000000000008,5501582.0,5188747.0,97087.0,55325.0,21236.0,-10123.0,55325.0,21236.0,10123.0,10787415,312835.0
195,"{'trumpd': 0.51, 'bidenj': 0.481}",10787426,92,edison,2020-11-04T02:02:56Z,0.51,0.481,0.009000000000000008,5501588.0,5188752.0,97087.0,6.0,5.0,0.0,6.0,5.0,0.0,10787426,312836.0
196,"{'trumpd': 0.51, 'bidenj': 0.481}",10787781,92,edison,2020-11-04T02:03:17Z,0.51,0.481,0.009000000000000008,5501769.0,5188923.0,97091.0,181.0,171.0,4.0,181.0,171.0,4.0,10787781,312846.0
197,"{'trumpd': 0.51, 'bidenj': 0.481}",10788007,92,edison,2020-11-04T02:03:47Z,0.51,0.481,0.009000000000000008,5501884.0,5189032.0,97093.0,115.0,109.0,2.0,115.0,109.0,2.0,10788007,312852.0
198,"{'trumpd': 0.51, 'bidenj': 0.481}",10794836,92,edison,2020-11-04T02:05:25Z,0.51,0.481,0.009000000000000008,5505367.0,5192317.0,97154.0,3483.0,3285.0,61.0,3483.0,3285.0,61.0,10794836,313050.0
199,"{'trumpd': 0.51, 'bidenj': 0.48}",10800056,92,edison,2020-11-04T02:07:06Z,0.51,0.48,0.010000000000000009,5508029.0,5184027.0,108001.0,2662.0,-8290.0,10847.0,2662.0,8290.0,10847.0,10800056,324002.0
200,"{'trumpd': 0.51, 'bidenj': 0.48}",10800100,92,edison,2020-11-04T02:08:04Z,0.51,0.48,0.010000000000000009,5508051.0,5184048.0,108002.0,22.0,21.0,1.0,22.0,21.0,1.0,10800100,324003.0
201,"{'trumpd': 0.51, 'bidenj': 0.48}",10824266,93,edison,2020-11-04T02:09:10Z,0.51,0.48,0.010000000000000009,5520376.0,5195648.0,108243.0,12325.0,11600.0,241.0,12325.0,11600.0,241.0,10824266,324728.0
202,"{'trumpd': 0.51, 'bidenj': 0.48}",10851692,93,edison,2020-11-04T02:10:49Z,0.51,0.48,0.010000000000000009,5534363.0,5208813.0,108517.0,13987.0,13165.0,274.0,13987.0,13165.0,274.0,10851692,325550.0
203,"{'trumpd': 0.51, 'bidenj': 0.48}",10851741,93,edison,2020-11-04T02:11:02Z,0.51,0.48,0.010000000000000009,5534388.0,5208836.0,108518.0,25.0,23.0,1.0,25.0,23.0,1.0,10851741,325552.0
204,"{'trumpd': 0.51, 'bidenj': 0.48}",10854891,93,edison,2020-11-04T02:11:52Z,0.51,0.48,0.010000000000000009,5535995.0,5210348.0,108549.0,1607.0,1512.0,31.0,1607.0,1512.0,31.0,10854891,325647.0
205,"{'trumpd': 0.51, 'bidenj': 0.48}",10855663,93,edison,2020-11-04T02:13:48Z,0.51,0.48,0.010000000000000009,5536389.0,5210719.0,108557.0,394.0,371.0,8.0,394.0,371.0,8.0,10855663,325670.0
206,"{'trumpd': 0.51, 'bidenj': 0.48}",10856723,93,edison,2020-11-04T02:14:54Z,0.51,0.48,0.010000000000000009,5536929.0,5211228.0,108568.0,540.0,509.0,11.0,540.0,509.0,11.0,10856723,325701.0
207,"{'trumpd': 0.51, 'bidenj': 0.48}",10866185,93,edison,2020-11-04T02:18:37Z,0.51,0.48,0.010000000000000009,5541755.0,5215769.0,108662.0,4826.0,4541.0,94.0,4826.0,4541.0,94.0,10866185,325986.0
208,"{'trumpd': 0.51, 'bidenj': 0.48}",10866637,93,edison,2020-11-04T02:22:03Z,0.51,0.48,0.010000000000000009,5541985.0,5215986.0,108667.0,230.0,217.0,5.0,230.0,217.0,5.0,10866637,325999.0
209,"{'trumpd': 0.51, 'bidenj': 0.48}",10872094,93,edison,2020-11-04T02:23:16Z,0.51,0.48,0.010000000000000009,5544768.0,5218606.0,108721.0,2783.0,2620.0,54.0,2783.0,2620.0,54.0,10872094,326162.0
210,"{'trumpd': 0.51, 'bidenj': 0.48}",10880727,93,edison,2020-11-04T02:26:09Z,0.51,0.48,0.010000000000000009,5549171.0,5222749.0,108808.0,4403.0,4143.0,87.0,4403.0,4143.0,87.0,10880727,326422.0
211,"{'trumpd': 0.51, 'bidenj': 0.48}",10881116,93,edison,2020-11-04T02:26:57Z,0.51,0.48,0.010000000000000009,5549370.0,5222936.0,108812.0,199.0,187.0,4.0,199.0,187.0,4.0,10881116,326434.0
212,"{'trumpd': 0.51, 'bidenj': 0.48}",10881955,93,edison,2020-11-04T02:27:12Z,0.51,0.48,0.010000000000000009,5549798.0,5223339.0,108820.0,428.0,403.0,8.0,428.0,403.0,8.0,10881955,326459.0
213,"{'trumpd': 0.51, 'bidenj': 0.48}",10882052,93,edison,2020-11-04T02:27:40Z,0.51,0.48,0.010000000000000009,5549847.0,5223385.0,108821.0,49.0,46.0,1.0,49.0,46.0,1.0,10882052,326462.0
214,"{'trumpd': 0.511, 'bidenj': 0.47900000000000004}",10915001,93,edison,2020-11-04T02:40:10Z,0.511,0.47900000000000004,0.009999999999999953,5577566.0,5228286.0,109151.0,27719.0,4901.0,330.0,27719.0,4901.0,330.0,10915001,349280.0
215,"{'trumpd': 0.512, 'bidenj': 0.47800000000000004}",10920511,93,edison,2020-11-04T02:40:20Z,0.512,0.47800000000000004,0.009999999999999953,5591302.0,5220005.0,109206.0,13736.0,-8281.0,55.0,13736.0,8281.0,55.0,10920511,371297.0
216,"{'trumpd': 0.512, 'bidenj': 0.47800000000000004}",10920512,93,edison,2020-11-04T02:41:35Z,0.512,0.47800000000000004,0.009999999999999953,5591303.0,5220005.0,109206.0,1.0,0.0,0.0,1.0,0.0,0.0,10920512,371298.0
217,"{'trumpd': 0.512, 'bidenj': 0.47800000000000004}",10922583,93,edison,2020-11-04T02:41:59Z,0.512,0.47800000000000004,0.009999999999999953,5592363.0,5220995.0,109226.0,1060.0,990.0,20.0,1060.0,990.0,20.0,10922583,371368.0
218,"{'trumpd': 0.512, 'bidenj': 0.47800000000000004}",10924603,93,edison,2020-11-04T02:42:57Z,0.512,0.47800000000000004,0.009999999999999953,5593397.0,5221961.0,109247.0,1034.0,966.0,21.0,1034.0,966.0,21.0,10924603,371436.0
219,"{'trumpd': 0.512, 'bidenj': 0.47800000000000004}",10924613,93,edison,2020-11-04T02:43:18Z,0.512,0.47800000000000004,0.009999999999999953,5593402.0,5221966.0,109247.0,5.0,5.0,0.0,5.0,5.0,0.0,10924613,371436.0
220,"{'trumpd': 0.512, 'bidenj': 0.47800000000000004}",10925115,93,edison,2020-11-04T02:44:02Z,0.512,0.47800000000000004,0.009999999999999953,5593659.0,5222205.0,109252.0,257.0,239.0,5.0,257.0,239.0,5.0,10925115,371454.0
221,"{'trumpd': 0.512, 'bidenj': 0.47800000000000004}",10925478,93,edison,2020-11-04T02:46:38Z,0.512,0.47800000000000004,0.009999999999999953,5593845.0,5222379.0,109255.0,186.0,174.0,3.0,186.0,174.0,3.0,10925478,371466.0
222,"{'trumpd': 0.512, 'bidenj': 0.47800000000000004}",10929987,93,edison,2020-11-04T02:49:51Z,0.512,0.47800000000000004,0.009999999999999953,5596154.0,5224534.0,109300.0,2309.0,2155.0,45.0,2309.0,2155.0,45.0,10929987,371620.0
223,"{'trumpd': 0.512, 'bidenj': 0.47800000000000004}",10930091,93,edison,2020-11-04T02:51:09Z,0.512,0.47800000000000004,0.009999999999999953,5596207.0,5224584.0,109301.0,53.0,50.0,1.0,53.0,50.0,1.0,10930091,371623.0
224,"{'trumpd': 0.512, 'bidenj': 0.47800000000000004}",10931707,93,edison,2020-11-04T02:51:28Z,0.512,0.47800000000000004,0.009999999999999953,5597034.0,5225356.0,109318.0,827.0,772.0,17.0,827.0,772.0,17.0,10931707,371678.0
225,"{'trumpd': 0.512, 'bidenj': 0.47700000000000004}",10931958,93,edison,2020-11-04T02:52:22Z,0.512,0.47700000000000004,0.010999999999999954,5597163.0,5214544.0,120252.0,129.0,-10812.0,10934.0,129.0,10812.0,10934.0,10931958,382619.0
226,"{'trumpd': 0.512, 'bidenj': 0.47700000000000004}",10932881,93,edison,2020-11-04T02:54:49Z,0.512,0.47700000000000004,0.010999999999999954,5597636.0,5214985.0,120262.0,473.0,441.0,10.0,473.0,441.0,10.0,10932881,382651.0
227,"{'trumpd': 0.512, 'bidenj': 0.47700000000000004}",10933479,93,edison,2020-11-04T02:55:06Z,0.512,0.47700000000000004,0.010999999999999954,5597942.0,5215270.0,120269.0,306.0,285.0,7.0,306.0,285.0,7.0,10933479,382672.0
228,"{'trumpd': 0.512, 'bidenj': 0.47700000000000004}",10939376,93,edison,2020-11-04T02:57:05Z,0.512,0.47700000000000004,0.010999999999999954,5600961.0,5218083.0,120334.0,3019.0,2813.0,65.0,3019.0,2813.0,65.0,10939376,382878.0
229,"{'trumpd': 0.512, 'bidenj': 0.47700000000000004}",10941669,94,edison,2020-11-04T03:01:53Z,0.512,0.47700000000000004,0.010999999999999954,5602135.0,5219177.0,120359.0,1174.0,1094.0,25.0,1174.0,1094.0,25.0,10941669,382958.0
230,"{'trumpd': 0.512, 'bidenj': 0.47800000000000004}",10951818,94,edison,2020-11-04T03:03:06Z,0.512,0.47800000000000004,0.009999999999999953,5607331.0,5234970.0,109519.0,5196.0,15793.0,-10840.0,5196.0,15793.0,10840.0,10951818,372361.0
231,"{'trumpd': 0.512, 'bidenj': 0.47800000000000004}",10951964,94,edison,2020-11-04T03:16:51Z,0.512,0.47800000000000004,0.009999999999999953,5607406.0,5235039.0,109520.0,75.0,69.0,1.0,75.0,69.0,1.0,10951964,372367.0
232,"{'trumpd': 0.512, 'bidenj': 0.47800000000000004}",10957826,94,edison,2020-11-04T03:18:15Z,0.512,0.47800000000000004,0.009999999999999953,5610407.0,5237841.0,109579.0,3001.0,2802.0,59.0,3001.0,2802.0,59.0,10957826,372566.0
233,"{'trumpd': 0.512, 'bidenj': 0.47800000000000004}",10962206,94,edison,2020-11-04T03:21:10Z,0.512,0.47800000000000004,0.009999999999999953,5612650.0,5239935.0,109623.0,2243.0,2094.0,44.0,2243.0,2094.0,44.0,10962206,372715.0
234,"{'trumpd': 0.512, 'bidenj': 0.47800000000000004}",10962330,94,edison,2020-11-04T03:23:09Z,0.512,0.47800000000000004,0.009999999999999953,5612713.0,5239994.0,109624.0,63.0,59.0,1.0,63.0,59.0,1.0,10962330,372719.0
235,"{'trumpd': 0.512, 'bidenj': 0.47800000000000004}",10962635,94,edison,2020-11-04T03:24:37Z,0.512,0.47800000000000004,0.009999999999999953,5612870.0,5240140.0,109627.0,157.0,146.0,3.0,157.0,146.0,3.0,10962635,372730.0
236,"{'trumpd': 0.512, 'bidenj': 0.47800000000000004}",10963458,94,edison,2020-11-04T03:27:02Z,0.512,0.47800000000000004,0.009999999999999953,5613291.0,5240533.0,109635.0,421.0,393.0,8.0,421.0,393.0,8.0,10963458,372758.0
237,"{'trumpd': 0.512, 'bidenj': 0.47800000000000004}",10963961,94,edison,2020-11-04T03:27:50Z,0.512,0.47800000000000004,0.009999999999999953,5613549.0,5240774.0,109640.0,258.0,241.0,5.0,258.0,241.0,5.0,10963961,372775.0
238,"{'trumpd': 0.512, 'bidenj': 0.47800000000000004}",10965774,94,edison,2020-11-04T03:28:01Z,0.512,0.47800000000000004,0.009999999999999953,5614477.0,5241640.0,109658.0,928.0,866.0,18.0,928.0,866.0,18.0,10965774,372837.0
239,"{'trumpd': 0.512, 'bidenj': 0.47700000000000004}",10967227,94,edison,2020-11-04T03:31:51Z,0.512,0.47700000000000004,0.010999999999999954,5615221.0,5231368.0,120640.0,744.0,-10272.0,10982.0,744.0,10272.0,10982.0,10967227,383853.0
240,"{'trumpd': 0.512, 'bidenj': 0.47800000000000004}",10967589,94,edison,2020-11-04T03:33:07Z,0.512,0.47800000000000004,0.009999999999999953,5615406.0,5242508.0,109676.0,185.0,11140.0,-10964.0,185.0,11140.0,10964.0,10967589,372898.0
241,"{'trumpd': 0.512, 'bidenj': 0.47800000000000004}",10967847,94,edison,2020-11-04T03:35:25Z,0.512,0.47800000000000004,0.009999999999999953,5615538.0,5242631.0,109679.0,132.0,123.0,3.0,132.0,123.0,3.0,10967847,372907.0
242,"{'trumpd': 0.512, 'bidenj': 0.47700000000000004}",10969385,94,edison,2020-11-04T03:43:01Z,0.512,0.47700000000000004,0.010999999999999954,5616326.0,5232397.0,120664.0,788.0,-10234.0,10985.0,788.0,10234.0,10985.0,10969385,383929.0
243,"{'trumpd': 0.512, 'bidenj': 0.47700000000000004}",10969893,94,edison,2020-11-04T03:43:59Z,0.512,0.47700000000000004,0.010999999999999954,5616586.0,5232639.0,120669.0,260.0,242.0,5.0,260.0,242.0,5.0,10969893,383947.0
244,"{'trumpd': 0.512, 'bidenj': 0.47700000000000004}",10971992,94,edison,2020-11-04T03:46:57Z,0.512,0.47700000000000004,0.010999999999999954,5617660.0,5233641.0,120692.0,1074.0,1002.0,23.0,1074.0,1002.0,23.0,10971992,384019.0
245,"{'trumpd': 0.512, 'bidenj': 0.47700000000000004}",10975715,94,edison,2020-11-04T03:51:16Z,0.512,0.47700000000000004,0.010999999999999954,5619567.0,5235417.0,120733.0,1907.0,1776.0,41.0,1907.0,1776.0,41.0,10975715,384150.0
246,"{'trumpd': 0.512, 'bidenj': 0.47700000000000004}",10988526,94,edison,2020-11-04T03:58:17Z,0.512,0.47700000000000004,0.010999999999999954,5626126.0,5241527.0,120874.0,6559.0,6110.0,141.0,6559.0,6110.0,141.0,10988526,384599.0
247,"{'trumpd': 0.512, 'bidenj': 0.47700000000000004}",10988636,94,edison,2020-11-04T04:02:23Z,0.512,0.47700000000000004,0.010999999999999954,5626182.0,5241580.0,120875.0,56.0,53.0,1.0,56.0,53.0,1.0,10988636,384602.0
248,"{'trumpd': 0.512, 'bidenj': 0.47700000000000004}",10988726,94,edison,2020-11-04T04:07:11Z,0.512,0.47700000000000004,0.010999999999999954,5626228.0,5241623.0,120876.0,46.0,43.0,1.0,46.0,43.0,1.0,10988726,384605.0
249,"{'trumpd': 0.512, 'bidenj': 0.47700000000000004}",10990130,94,edison,2020-11-04T04:13:51Z,0.512,0.47700000000000004,0.010999999999999954,5626947.0,5242293.0,120892.0,719.0,670.0,16.0,719.0,670.0,16.0,10990130,384654.0
250,"{'trumpd': 0.512, 'bidenj': 0.47700000000000004}",10997208,94,edison,2020-11-04T04:13:58Z,0.512,0.47700000000000004,0.010999999999999954,5630571.0,5245669.0,120970.0,3624.0,3376.0,78.0,3624.0,3376.0,78.0,10997208,384902.0
251,"{'trumpd': 0.512, 'bidenj': 0.47700000000000004}",10997833,94,edison,2020-11-04T04:17:25Z,0.512,0.47700000000000004,0.010999999999999954,5630891.0,5245967.0,120977.0,320.0,298.0,7.0,320.0,298.0,7.0,10997833,384924.0
252,"{'trumpd': 0.512, 'bidenj': 0.47700000000000004}",10998591,94,edison,2020-11-04T04:20:49Z,0.512,0.47700000000000004,0.010999999999999954,5631279.0,5246328.0,120985.0,388.0,361.0,8.0,388.0,361.0,8.0,10998591,384951.0
253,"{'trumpd': 0.512, 'bidenj': 0.47700000000000004}",11000546,94,edison,2020-11-04T04:21:00Z,0.512,0.47700000000000004,0.010999999999999954,5632280.0,5247261.0,121007.0,1001.0,933.0,22.0,1001.0,933.0,22.0,11000546,385019.0
254,"{'trumpd': 0.512, 'bidenj': 0.47700000000000004}",11003878,94,edison,2020-11-04T04:22:20Z,0.512,0.47700000000000004,0.010999999999999954,5633986.0,5248850.0,121043.0,1706.0,1589.0,36.0,1706.0,1589.0,36.0,11003878,385136.0
255,"{'trumpd': 0.512, 'bidenj': 0.47700000000000004}",11007116,94,edison,2020-11-04T04:26:38Z,0.512,0.47700000000000004,0.010999999999999954,5635644.0,5250395.0,121079.0,1658.0,1545.0,36.0,1658.0,1545.0,36.0,11007116,385249.0
256,"{'trumpd': 0.512, 'bidenj': 0.47800000000000004}",11007499,94,edison,2020-11-04T04:36:47Z,0.512,0.47800000000000004,0.009999999999999953,5635840.0,5261585.0,110075.0,196.0,11190.0,-11004.0,196.0,11190.0,11004.0,11007499,374255.0
257,"{'trumpd': 0.512, 'bidenj': 0.47800000000000004}",11007601,94,edison,2020-11-04T04:37:06Z,0.512,0.47800000000000004,0.009999999999999953,5635892.0,5261634.0,110077.0,52.0,49.0,2.0,52.0,49.0,2.0,11007601,374258.0
258,"{'trumpd': 0.512, 'bidenj': 0.47700000000000004}",11008750,94,edison,2020-11-04T04:45:56Z,0.512,0.47700000000000004,0.010999999999999954,5636480.0,5251174.0,121097.0,588.0,-10460.0,11020.0,588.0,10460.0,11020.0,11008750,385306.0
259,"{'trumpd': 0.512, 'bidenj': 0.47700000000000004}",11010618,94,edison,2020-11-04T04:51:31Z,0.512,0.47700000000000004,0.010999999999999954,5637437.0,5252065.0,121117.0,957.0,891.0,20.0,957.0,891.0,20.0,11010618,385372.0
260,"{'trumpd': 0.512, 'bidenj': 0.47700000000000004}",11011012,94,edison,2020-11-04T04:53:58Z,0.512,0.47700000000000004,0.010999999999999954,5637639.0,5252253.0,121122.0,202.0,188.0,5.0,202.0,188.0,5.0,11011012,385386.0
261,"{'trumpd': 0.512, 'bidenj': 0.47700000000000004}",11011473,96,edison,2020-11-04T04:57:52Z,0.512,0.47700000000000004,0.010999999999999954,5637875.0,5252473.0,121127.0,236.0,220.0,5.0,236.0,220.0,5.0,11011473,385402.0
262,"{'trumpd': 0.512, 'bidenj': 0.47800000000000004}",11014145,96,edison,2020-11-04T05:05:48Z,0.512,0.47800000000000004,0.009999999999999953,5639243.0,5264762.0,110142.0,1368.0,12289.0,-10985.0,1368.0,12289.0,10985.0,11014145,374481.0
263,"{'trumpd': 0.512, 'bidenj': 0.47800000000000004}",11016195,96,edison,2020-11-04T05:25:58Z,0.512,0.47800000000000004,0.009999999999999953,5640292.0,5265742.0,110162.0,1049.0,980.0,20.0,1049.0,980.0,20.0,11016195,374550.0
264,"{'trumpd': 0.512, 'bidenj': 0.47800000000000004}",11016196,96,edison,2020-11-04T05:26:18Z,0.512,0.47800000000000004,0.009999999999999953,5640293.0,5265742.0,110162.0,1.0,0.0,0.0,1.0,0.0,0.0,11016196,374551.0
265,"{'trumpd': 0.512, 'bidenj': 0.47800000000000004}",11017318,96,edison,2020-11-04T05:35:39Z,0.512,0.47800000000000004,0.009999999999999953,5640867.0,5266279.0,110174.0,574.0,537.0,12.0,574.0,537.0,12.0,11017318,374588.0
266,"{'trumpd': 0.512, 'bidenj': 0.47800000000000004}",11018531,96,edison,2020-11-04T05:37:47Z,0.512,0.47800000000000004,0.009999999999999953,5641488.0,5266858.0,110186.0,621.0,579.0,12.0,621.0,579.0,12.0,11018531,374630.0
267,"{'trumpd': 0.512, 'bidenj': 0.47800000000000004}",11029024,96,edison,2020-11-04T05:44:50Z,0.512,0.47800000000000004,0.009999999999999953,5646861.0,5271874.0,110291.0,5373.0,5016.0,105.0,5373.0,5016.0,105.0,11029024,374987.0
268,"{'trumpd': 0.512, 'bidenj': 0.47800000000000004}",11029172,96,edison,2020-11-04T05:52:57Z,0.512,0.47800000000000004,0.009999999999999953,5646937.0,5271945.0,110292.0,76.0,71.0,1.0,76.0,71.0,1.0,11029172,374992.0
269,"{'trumpd': 0.512, 'bidenj': 0.47800000000000004}",11030632,96,edison,2020-11-04T05:57:34Z,0.512,0.47800000000000004,0.009999999999999953,5647684.0,5272643.0,110307.0,747.0,698.0,15.0,747.0,698.0,15.0,11030632,375041.0
270,"{'trumpd': 0.512, 'bidenj': 0.47800000000000004}",11031440,96,edison,2020-11-04T06:10:45Z,0.512,0.47800000000000004,0.009999999999999953,5648098.0,5273029.0,110315.0,414.0,386.0,8.0,414.0,386.0,8.0,11031440,375069.0
271,"{'trumpd': 0.512, 'bidenj': 0.47800000000000004}",11072446,99,edison,2020-11-08T17:18:33Z,0.512,0.47800000000000004,0.009999999999999953,5669093.0,5292630.0,110725.0,20995.0,19601.0,410.0,20995.0,19601.0,410.0,11072446,376463.0
272,"{'trumpd': 0.512, 'bidenj': 0.47800000000000004}",11072455,99,edison,2020-11-08T17:23:09Z,0.512,0.47800000000000004,0.009999999999999953,5669097.0,5292634.0,110725.0,4.0,4.0,0.0,4.0,4.0,0.0,11072455,376463.0
273,"{'trumpd': 0.512, 'bidenj': 0.47800000000000004}",11072612,99,edison,2020-11-08T17:44:25Z,0.512,0.47800000000000004,0.009999999999999953,5669178.0,5292709.0,110727.0,81.0,75.0,2.0,81.0,75.0,2.0,11072612,376469.0
274,"{'trumpd': 0.512, 'bidenj': 0.47800000000000004}",11072712,99,edison,2020-11-08T17:52:19Z,0.512,0.47800000000000004,0.009999999999999953,5669229.0,5292757.0,110728.0,51.0,48.0,1.0,51.0,48.0,1.0,11072712,376472.0
275,"{'trumpd': 0.512, 'bidenj': 0.47800000000000004}",11075562,99,edison,2020-11-08T19:26:12Z,0.512,0.47800000000000004,0.009999999999999953,5670688.0,5294119.0,110756.0,1459.0,1362.0,28.0,1459.0,1362.0,28.0,11075562,376569.0
276,"{'trumpd': 0.512, 'bidenj': 0.47800000000000004}",11075668,99,edison,2020-11-08T23:38:20Z,0.512,0.47800000000000004,0.009999999999999953,5670743.0,5294170.0,110757.0,55.0,51.0,1.0,55.0,51.0,1.0,11075668,376573.0
277,"{'trumpd': 0.512, 'bidenj': 0.47800000000000004}",11075685,99,edison,2020-11-08T23:47:51Z,0.512,0.47800000000000004,0.009999999999999953,5670751.0,5294178.0,110757.0,8.0,8.0,0.0,8.0,8.0,0.0,11075685,376573.0
278,"{'trumpd': 0.512, 'bidenj': 0.47800000000000004}",11075687,99,edison,2020-11-09T00:03:32Z,0.512,0.47800000000000004,0.009999999999999953,5670752.0,5294179.0,110757.0,1.0,1.0,0.0,1.0,1.0,0.0,11075687,376573.0
279,"{'trumpd': 0.512, 'bidenj': 0.47800000000000004}",11075706,99,edison,2020-11-09T00:14:06Z,0.512,0.47800000000000004,0.009999999999999953,5670762.0,5294188.0,110758.0,10.0,9.0,1.0,10.0,9.0,1.0,11075706,376574.0
280,"{'trumpd': 0.512, 'bidenj': 0.47800000000000004}",11075721,99,edison,2020-11-09T17:10:12Z,0.512,0.47800000000000004,0.009999999999999953,5670770.0,5294195.0,110758.0,8.0,7.0,0.0,8.0,7.0,0.0,11075721,376575.0
281,"{'trumpd': 0.512, 'bidenj': 0.47800000000000004}",11075722,99,edison,2020-11-09T17:32:24Z,0.512,0.47800000000000004,0.009999999999999953,5670770.0,5294196.0,110758.0,0.0,1.0,0.0,0.0,1.0,0.0,11075722,376574.0
282,"{'trumpd': 0.512, 'bidenj': 0.47800000000000004}",11075804,99,edison,2020-11-09T18:13:28Z,0.512,0.47800000000000004,0.009999999999999953,5670812.0,5294235.0,110759.0,42.0,39.0,1.0,42.0,39.0,1.0,11075804,376577.0
283,"{'trumpd': 0.512, 'bidenj': 0.47800000000000004}",11075806,99,edison,2020-11-09T22:03:08Z,0.512,0.47800000000000004,0.009999999999999953,5670813.0,5294236.0,110759.0,1.0,1.0,0.0,1.0,1.0,0.0,11075806,376577.0
284,"{'trumpd': 0.512, 'bidenj': 0.47800000000000004}",11075446,99,edison,2020-11-10T14:06:40Z,0.512,0.47800000000000004,0.009999999999999953,5670629.0,5294064.0,110755.0,-184.0,-172.0,-4.0,184.0,172.0,4.0,11075446,376565.0
